<?xml version='1.0' encoding='utf-8' standalone='yes' ?>
<map>
    <long name="first_open_time" value="1755621823761" />
    <string name="gmp_app_id">1:16601594543:android:41114f58c90afa7aadb25a</string>
    <string name="app_instance_id">33a43bff318e27e37eda3a41214fa699</string>
    <long name="session_id" value="1755621855" />
    <boolean name="app_backgrounded" value="true" />
    <long name="health_monitor:start" value="1755621824318" />
    <boolean name="use_service" value="true" />
    <boolean name="deferred_analytics_collection" value="false" />
    <string name="previous_os_version">13</string>
    <boolean name="has_been_opened" value="true" />
    <boolean name="allow_remote_dynamite" value="true" />
    <long name="last_pause_time" value="1755621879110" />
    <boolean name="start_new_session" value="false" />
</map>
