<?xml version='1.0' encoding='utf-8' standalone='yes' ?>
<map>
    <boolean name="tetherSubnet" value="false" />
    <boolean name="dnsForward" value="true" />
    <boolean name="hideLog" value="false" />
    <string name="pingerSSH">3</string>
    <string name="dnsResolver">1.1.1.1</string>
    <string name="numberMaxThreadSocks">0th</string>
    <boolean name="disableDelaySSH" value="true" />
    <boolean name="udpForward" value="true" />
    <string name="udpResolver">127.0.0.1:7300</string>
    <boolean name="wakelock" value="true" />
    <boolean name="autoClearLogs" value="false" />
    <boolean name="data_compression" value="true" />
    <boolean name="speed_meter" value="false" />
    <string name="modeNight">off</string>
</map>
