<?xml version='1.0' encoding='utf-8' standalone='yes' ?>
<map>
    <long name="fire-count" value="1" />
    <string name="last-used-date">2025-08-19</string>
    <long name="fire-global" value="1755621855330" />
    <set name="device-brand/motorola fire-installations/18.0.0 fire-transport/18.2.0 kotlin/1.8.22 device-model/cancunf fire-android/33 device-name/cancunf_g_sysn fire-core/21.0.0 fire-core-ktx/21.0.0 fire-fcm/24.1.2 android-installer/com.google.android.packageinstaller android-target-sdk/28 android-min-sdk/21 android-platform/ fire-analytics/22.5.0">
        <string>2025-08-19</string>
    </set>
</map>
