{"Fid":"c-WfGi4qR0isqF5_ClbGKV","Status":3,"AuthToken":"eyJhbGciOiJFUzI1NiIsInR5cCI6IkpXVCJ9.eyJhcHBJZCI6IjE6MTY2MDE1OTQ1NDM6YW5kcm9pZDo0MTExNGY1OGM5MGFmYTdhYWRiMjVhIiwiZXhwIjoxNzU2MjI2NjU1LCJmaWQiOiJjLVdmR2k0cVIwaXNxRjVfQ2xiR0tWIiwicHJvamVjdE51bWJlciI6MTY2MDE1OTQ1NDN9.AB2LPV8wRQIgKa0ApIBApGfblicNl7_rOjToOBrqmlz6b8XXtF_tGp8CIQDpqoonAYZqEX5VqMBj1CNMzDHUPkd0crjUBQGYvzF7LQ","RefreshToken":"3_AS3qfwID1KK7NCtrR2HCQFKMptE7rKx2Tqb3Cm_0vtXx8bEJLrA61SC9rlJJO_AKolrFO_wh1RGVdoUtXPoST3beEmsIcTKP0TxmamoFfph-p3E","TokenCreationEpochInSecs":1755621856,"ExpiresInSecs":604800}